title,location,company,salary,experience,description,keywords,trending,sponsored
Hybrid Mobile App Developer,Chennai(Manapakkam),IDP Education India Services LLP,Not disclosed,3-8 Yrs,Proficient with cross-browser and cross-device developmentMinimum 4+ years of experienc...,Application DevelopmentAngularjsCSSPhonegapJavascriptHTMLRest ApiJQuery,0,0
Android App Developer,Chennai,iByteCode Technologies,Not disclosed,0-2 Yrs,Android App Developer Position Technical Requisites: Experience in Android Application ...,Android App DeveloperAndroid DeveloperAndroid,0,0
Android / Iphone App Developer,Jaipur,expert web technologies,Not disclosed,2-7 Yrs,Require Android Iphone Freshers. Looking for talented Android Iphone developer Self-mot...,android application development,0,0
Android Mobile App developer,Bengaluru,Arminus Software Pvt. Ltd,Not disclosed,6-9 Yrs,"JD: Android Mobile App developer: Strong knowledge of Android SDK, Java & Kotlin-2 yrs ...",Performance tuninggithubBackendMVVMUser interface designingTDDInstrumentationAndroid SDK,0,0
Mobile App Developer,"Pimpri-Chinchwad, Maharashtra, India",known2me,Not disclosed,2-6 Yrs,We need mobile developers with the following criteria (one each in Android and iOS plat...,Computer scienceMobile developmentNetworkingDebuggingSQLiteJSONUnit testingIOS,0,0
Hybrid Mobile App Developer,Chennai(Manapakkam),IDP Education India Services LLP,Not disclosed,3-8 Yrs,Proficient with cross-browser and cross-device developmentMinimum 4+ years of experienc...,Application DevelopmentAngularjsCSSPhonegapJavascriptHTMLRest ApiJQuery,1,0
Senior Mobile App Developer - Android,"Delhi NCR, Gurgaon",Snaphunt,Not disclosed,3-8 Yrs,You possess at least a Master / Degree from a top-tier institute in Information Technol...,JavaC++Software DevelopmentCNdkJNIImage ProcessingAugmented Reality,1,1
"Job Opening For Android App Developers | Sasken Technologies, Blr",Bengaluru(Domlur),Sasken Technologies Ltd.,Not disclosed,1-6 Yrs,This is regarding an excellent job opportunity that we have for you. We are currently l...,android application developmentcore java,1,0
Mobile App Developer - iOS (Up To 1-3 Yrs Experience),Mumbai,Sentient Systems Private Limited,Not disclosed,1-3 Yrs,Job location : Mumbai - Malad West - Design and build iOS mobile app - Hands on experie...,Junior Ios Developerios application developerios developerios developmentmobile application developmentmobile application developer,1,0
Jobs| Urgent Position-oracle APP Developer ||gurgaon-immediate Joiner,Gurgaon,Almamate infotech Pvt. Ltd.,"7,00,000 - 17,00,000 PA.",6-10 Yrs,Job Description - Oracle App Senior Developer Immediate Joiner!!! Experience 6-10 years...,developer 2000reportsoracle apps technicalPLSQLoracle developertriggersforms,1,0
Mobile App Developer - Ionic/Rest API,Pune,TeamPlus Staffing Solution Pvt Ltd,Not disclosed,3-5 Yrs,"Job Role Responsibilities: Required skills : Skills : Android, iOS Development, Angular...",BackendAutomation testingNoSQLAgile scrumData modelingApplication developmentJSONios development,0,0
Mobile App Developer - iOS (Min 2+ Years exp),Pune(Kharadi),Alphalogic Techsys Limited,Not disclosed,2-5 Yrs,Experienced Mobile Developer with experience on iOS app developmentCurrent Company: Tot...,mobile applicationsandroidjsonSwiftiPadIOS,1,0
Mobile App Developer - Android (Min 2+ Years exp),Pune(Kharadi),Alphalogic Techsys Limited,Not disclosed,2-5 Yrs,Experienced Mobile Developer with experience on Android app developmentCurrent Company:...,mobile applicationsandroidjson,1,0
Senior Mobile App Developer,"Delhi NCR, Gurgaon",Snaphunt,Not disclosed,6-11 Yrs,"You have at least 6 years experience, ideally within a Software Engineer roleYou have s...",Creative SolutionsJavaC++Application SecuritySoftware EngineeringImage ProcessingContinuous ImprovementComputer Science,1,1
Opening For Mobile App Developer - Shriram Group_ Chennai,Chennai,NOVAC TECHNOLOGY SOLUTIONS PRIVATE LIMITED,Not disclosed,1-4 Yrs,Should ideally document and share any new technique implemented is a mustMust have know...,angularAndroid Application Developmentcssgitworkflowrest apihtmlSVN,0,0
Mobile App Developer,"Pune, Bengaluru",Growth99,Not disclosed,2-3 Yrs,Job Description We are looking for a qualified Mobile developer to join our Engineering...,Computer scienceAnalytical skillsQuality standardsConcept designWeb developmentManager TechnologyMobile applicationsIOS,0,0
Mobile App Developer,"Pune, Bengaluru",Growth99,Not disclosed,2-3 Yrs,We are looking for a qualified Mobile developer to join our Engineering team. You will ...,Computer scienceAnalytical skillsQuality standardsConcept designWeb developmentManager TechnologyMobile applicationsIOS,0,0
Opening For Mobile App Developer - Shriram Group_ Chennai,Chennai,NOVAC TECHNOLOGY SOLUTIONS PRIVATE LIMITED,Not disclosed,1-4 Yrs,Should ideally document and share any new technique implemented is a mustMust have know...,angularAndroid Application Developmentcssgitworkflowrest apihtmlSVN,1,0
Software Engineer-Mobile App Developer Scrum - IOS,"0, MH, IN",Amdocs Development Center India Pvt. Ltd.,Not disclosed,6-9 Yrs,"You will design, develop, modify, debug and/or maintain software code according to func...",developmentcodetechnicalsoftwareJSONApplication softwareTechnical supportVersion control,0,0
Full Stack React Native App Developer - Android & iOS Development,Hyderabad(Kukatpally),Sabka wellness on Private Limited,"2,00,000 - 5,00,000 PA.",3-8 Yrs,"Wellness ON is startup, HQ in Hyderabad provides superior quality of wellness services ...",c++cssandroidmobile development developmentcore javajavascriptNodeJSMobile Application Development,1,0
SAP: Application Developer,Gurgaon,Accenture Solutions Pvt Ltd,Not disclosed,5-8 Yrs,Job Details: You ll deliver everything from point solutions for a single business funct...,Business processSAP HCMManager TechnologyTransitionOutsourcingCore HROperationsSDLC,0,1
Mobile Application Developer (iOS/Android),Kolkata,Optimize IT Systems,Not disclosed,3-5 Yrs,"A sound experience and background in Mobile application development. UI Design, develop...",Mobile application developmentdevelopmentandroidmobileJSONMobile applicationsxcodeiphone,0,0
Mobile Application Developer (Phonegap),Kolkata,Optimize IT Systems,Not disclosed,3-6 Yrs,"Will be responsible for designing, coding and debugging Mobile applications and submit ...",developmentcssmobilexcodeajaxjquerycodingapplication,0,0
Mobile Application Developer (iOS/Android),Kolkata,Optimize IT Systems,Not disclosed,3-5 Yrs,"A sound experience and background in Mobile application development. UI Design, develop...",developmentuiapplicationxmlandroidMobile Application Developer (iOS/Android)mobilejson,0,0
Senior Application Developer,Bengaluru,"Liventus, Inc.","6,00,000 - 15,00,000 PA.",3-8 Yrs,"Job Description: As a full time senior .Net Developer, you will be working in a small b...",C#AngularjsLINQHtml5JavascriptMS SQL ServerBootstrapEntity Framework,0,0
Web Application Support Developer (asp.net),Mumbai,IMS Learning Resources Pvt Ltd,Not disclosed,1-4 Yrs,3 years of experience in web application support and maintenanceRequires web applicatio...,asp.netsupportmaintenance,1,0
TM Mobile Application Developer,Bengaluru,JSM TECHNOLOGIES PVT. LTD,Not disclosed,1-4 Yrs,Employees working in this position shall be having the following JR 1. Analysis 2. Desi...,developmenttechnicalDebuggingandroidmobiledevelopingHTMLJSON,0,0
Application Developer,Bengaluru,Western Digital,Not disclosed,3-5 Yrs,Essential Duties and Responsibilities : Full Stack Angular Web Development for building...,SIDEWeb applicationWeb developmentProgrammingAgileManager TechnologyUATAnalyst 3,0,0
Windows Application Developer (C# .net& SQL),Hyderabad,SIS SOFTWARE INDIA PRIVATE LIMITED,Not disclosed,4-7 Yrs,2 years experience in developing web applicationsQualification : - BE / BTech/MCA / Any...,C#JavaTroubleshooting SkillsC++Software DevelopmentOracle SQLSoftware EngineeringWeb Technologies,0,1
Experienced Windows Application Developer,"Mohali, Chandigarh",Arbor Financial Systems,Not disclosed,2-7 Yrs,"job description Using C#, WPF and .Net you will be designing and developing detailed sy...",c#front enddevelopmentcodetechnicalmobile applicationdocumentationunit testing,0,0
IOS Application Developer,"Faridabad, Ghaziabad, Delhi, Noida, Gurgaon, haryana",Capital Placement Services,Not disclosed,2-5 Yrs,Job brief We are looking for an iOS developer who possesses a passion for pushing mobil...,GraphicsComputer scienceMobile developmentAnimationios developmentMobile applicationsUnit testing,0,1
Application Developer - JAVA,Mumbai,Institutional Shareholder Services Inc.,Not disclosed,3-5 Yrs,This person will be a key member of the ISS Application Development team and will be fo...,Computer scienceWeb technologiesUser interface designingSpring frameworkAnalyticalISSHTMLApplication development,0,0
Flutter Developer - Android/ios Apps,Mumbai,FresherMart,Not disclosed,1-2 Yrs,Must have built at least one Android / iOS apps with Flutter or Hybrid Framework Experi...,Hybrid AppsMobile App ArchitectureFlutteriOSAndroidDart,1,0
React Native Application Developer - iOS & Android Platform,Chandigarh,Yo HR Consultancy,Not disclosed,1-2 Yrs,Job Nature : Full Time Monitor the performance on both code and experience levelExperie...,REST APINative AppsAPI IntegrationXcodeRedux - SagaReact NativeMobile App DesigningiOS,1,0
CAD Application Developer,Vadodara,Linde Engineering India Pvt Ltd,Not disclosed,3-8 Yrs,"CADCAE and 3D application development, maintenance, troubleshooting and support for bot...",Object oriented designC++MS SQLRDBMSAnalyticalCADEPCApplication development,0,0
Senior Application Developer -- Streamline,Chennai,ADP India Pvt Ltd,Not disclosed,3-7 Yrs,Summary We re looking for self-motivated individuals who are looking for a challenging ...,CodingIntegration testingDebuggingJavascriptApplication developmentWCFMVCmicrosoft,0,0
Android Application Developer,Bengaluru,Next Order,Not disclosed,2-4 Yrs,The ideal candidate will have: Experience developing Android applications that are well...,android applicationReservationArchitectureNetworkingSQLiteArchitectingRoomTeam building,0,0
Mobile Application Developer,Bhubaneshwar,CSM Technologies Pvt. Ltd.,Not disclosed,4-6 Yrs,"Mobile Application Developer Bhubaneswar, India IT - Software / Software Services Job I...",IT servicesXMLAnalyticalConsultingSQLiteTest scenariosMongoDBSystem analysis,0,0
Windows Application Developer,"Gurgaon, haryana",One.Com India Pvt. Ltd,Not disclosed,4-6 Yrs,one.com is looking for Windows Application Developer (C#)our team in India There is no ...,C++GITTDDProject managementData structuresWeb hostingApplication developmentMFC,0,0
Senior Application Developer,Chennai,ADP Pvt. Ltd.,Not disclosed,3-7 Yrs,Summary We re looking for self-motivated individuals who are looking for a challenging ...,CodingIntegration testingDebuggingJavascriptApplication developmentWCFMVCmicrosoft,0,0
Oracle ATG Commerce Application Developer,Pune,Accenture Solutions Pvt Ltd,Not disclosed,3-8 Yrs,"Role :Application Developer Role Description :Design, build and configure applications ...",XSLJavaMavenCSSSpring MvcHtml5JSPXML,0,0
Workday Studio Application Developer,Bengaluru,Accenture Solutions Pvt Ltd,Not disclosed,3-8 Yrs,"Role :Application Developer Role Description :Design, build and configure applications ...",Application DevelopmentRestWeb TechnologiesBusiness ProcessEducational QualificationJSONXSLTThird Party,0,0
SAP TM Transportation Management Application Developer,Hyderabad,Accenture Solutions Pvt Ltd,Not disclosed,4-6 Yrs,"Role :Application Developer Role Description :Design, build and configure applications ...",Solution ManagementApplication DevelopmentCommunication SkillsOrder ManagementSalesBusiness ProcessProblem SolvingTransport Management,0,0
PERL Scripting Application Developer,Bengaluru,Accenture Solutions Pvt Ltd,Not disclosed,3-7 Yrs,Must Have Skills :PERL ScriptingGood To Have Skills :No Technology Specialty,Application DevelopmentVMwareAzureLinuxBuildWeb TechnologiesCloudPerl,0,0
Asp.net Application Developer,Noida,Accenture Solutions Pvt Ltd,Not disclosed,4-7 Yrs,Educational Qualification : BE / BTech or any GraduateMust Have Skills :ASP.NETGood To ...,MVC ArchitectureApplication DevelopmentSoftware DevelopmentDesign PatternsWeb TechnologiesEducational QualificationASP.Net.Net,0,0
SAP SCM APO Supply Network Planning Application Developer,Bengaluru,Accenture Solutions Pvt Ltd,Not disclosed,3-6 Yrs,"Role :Application Developer Role Description :Design, build and configure applications ...",Application DevelopmentSNPSAP APOBusiness ProcessSAP SCMProduction PlanningDemand PlanningProblem Management,0,0
Salesforce Sales Cloud Application Developer,Hyderabad,Accenture Solutions Pvt Ltd,Not disclosed,3-6 Yrs,Must Have Skills :Salesforce Sales CloudProfessional Attributes : a:Good Oral and writt...,Application DevelopmentCommunication SkillsWritten CommunicationBusiness Process,0,0
SAP Ariba - Application Developer,Chennai,Accenture Solutions Pvt Ltd,Not disclosed,3-6 Yrs,Professional Attributes : 1A good team player with the ability to handle tasks independ...,ProcurementApplication DevelopmentAriba BuyerSAPAriba SourcingExcel PowerpointContract ManagementBusiness Process,0,0
Siemens Teamcenter PLM Application Developer,Bengaluru,Accenture Solutions Pvt Ltd,Not disclosed,3-8 Yrs,"Technical Experience : Experience in Teamcenter PLM Solution Design, Teamcenter BMIDE a...",PLMApplication DevelopmentCommunication SkillsImpact AnalysisTeamcenterBusiness ProcessData ModelingSolution Design,0,0
SAP Project System - Application Developer,Hyderabad,Accenture Solutions Pvt Ltd,Not disclosed,3-6 Yrs,Job Requirements : Key Responsibilities : a SAP Commercial Project Managementb Hands on...,SAP FICOProject ManagementFinanceSAP BWSAP PSSAP FICoSAP Business Warehouse,0,0
Mobile Application Developer,Bengaluru,Trawex,Not disclosed,2-5 Yrs,Mobile Application Developer Name Email Address Phone Profile Experience Subject Skills...,assembly languageCHTMLSQLSix SigmaPMPapplicationJavaScript,0,0
Application Developer: Microservices,Bengaluru,IBM India Pvt. Limited,Not disclosed,2-5 Yrs,Hands on experience developing web application using Web Service & Spring BootJava Micr...,Application DevelopmentTechnical ManagementJavaDroolsWeb TechnologiesAgileWeb ApplicationSpring Boot,0,0
Application Developer: Oracle Middleware,Pune,IBM India Pvt. Limited,Not disclosed,4-6 Yrs,Minimum 4 End-2-End implementations using some or most of the following Oracle Clouds -...,AdfOracle Service BusWeb TechnologiesAdvanced AnalyticsJava Web ServicesApplication Development FrameworkBpelTechnology Consulting,0,0
Application Developer - Oracle Middleware,Pune,IBM India Pvt. Limited,Not disclosed,2-7 Yrs,Minimum 4 End-2-End implementations using some or most of the following Oracle Clouds -...,AdfOracle Service BusWeb TechnologiesAdvanced AnalyticsJava Web ServicesApplication Development FrameworkBpelTechnology Consulting,0,0
Application Developer - Microservices,Bengaluru,IBM India Pvt. Limited,Not disclosed,2-5 Yrs,Hands on experience developing web application using Web Service & Spring BootJava Micr...,Application DevelopmentTechnical ManagementJavaDroolsWeb TechnologiesAgileWeb ApplicationSpring Boot,0,0
Application Developer - Microservices,Bengaluru,IBM India Pvt. Limited,Not disclosed,2-5 Yrs,Hands on experience developing web application using Web Service & Spring BootJava Micr...,Application DevelopmentTechnical ManagementJavaDroolsWeb TechnologiesAgileWeb ApplicationSpring Boot,0,0
Application Developer: Content & Courseware Design,Bengaluru,IBM India Pvt. Limited,Not disclosed,2-5 Yrs,Minimum Experience of 2 years in complete implementation of courseware designPreferred ...,TrainingGap AnalysisBusiness Process ManagementApplication DeveloperUser StoriesTechnology Consultingtechnology architecture,0,0
Urgent Opening For Sr.mobile Hybrid Application Developer || Noida,Noida,AWC Software Pvt. Ltd.,"3,50,000 - 8,50,000 PA.",4-9 Yrs,Greetings from AWC Software Pvt Ltd.. We have the urgent requirement for Hybrid Applica...,Application Development,0,0
Java Application Developer,Bengaluru,actiance,Not disclosed,5-8 Yrs,Roles and Responsibilities You need to play the role of Cloud - SaaS Application Develo...,ComplianceSocial mediaCloudArchivingManagementSubject matter expertiseTroubleshootingBusiness intelligence,0,0
IOS Application Developer,Ahmedabad,Toucon Consulting,Not disclosed,1-5 Yrs,"Ob Description Proficient with Swift, and Cocoa Touch. Experience with Ios Frameworks s...",Performance tuningBackendGITWeb technologiesCloudProgrammingAnimationSwift,0,0
Front End Developer,Kochi,iDataLytics Private Limited,"3,50,000 - 7,00,000 PA.",3-5 Yrs,"Experience with common front end development tools such as Babel, Webpack, NPM Etc Opti...",ReduxHtml5Node.JsExpress.JsJavascriptFluxEcmascriptNpm,1,0
Front End Developer,Mumbai(Vikhroli),KuKu Fm,"12,00,000 - 22,00,000 PA.",2-5 Yrs,Optimize application for maximum speed and scalabilityProficient understanding of web m...,front endreduxreact.jscsswebpackhtmltypescript,1,0
Application Developer - Experience Front End,Gurgaon,IBM India Pvt. Limited,Not disclosed,6-8 Yrs,Minimum 6+ years of experience in development using Angular JS Required Technical and P...,CSSFront EndHtml5ReduxWeb TechnologiesJavascriptEs6Style Sheets,1,0
Senior Software Engineer - Front end,Bengaluru,Blue Jeans Network,Not disclosed,2-5 Yrs,The ideal candidate will Have a passion for technology with strong design and problem s...,Computer scienceFront endWeb technologiesSocial networkingtest driven developmentmicrosoftOpen sourceAnalytics,0,0
Front End Web Developer,Gandhinagar,IT-Innovator Web Apps Services,Not disclosed,2-5 Yrs,Candidates will be responsible to create web design using HTML + CSS + Javascript/jQuer...,GraphicsjQueryFront endPDFJavascriptPHPHTMLPhotoshop,0,0
Front End Developer,Bengaluru,Diverse Lynx India Pvt. Ltd,Not disclosed,2-6 Yrs,years of software development experience Ability to effectively interpret technical and...,jQueryFront endhtml5JavascriptJSONAjaxCSS3,0,0
Front End Lead,Kolkata,OpenHouse,Not disclosed,5-8 Yrs,Front End Lead Kolkata We are looking for someone who is passionate about combining the...,Graphic designingBackendjQueryFront endWeb technologiesJavascriptSEOAjax,0,0
Front End Developer,Kolkata,OpenHouse,Not disclosed,1-4 Yrs,Front End Developer Kolkata We are looking for someone who is passionate about combinin...,Graphic designingBackendjQueryFront endWeb technologiesJavascriptMobile applicationsAjax,0,0
FRONT END DEVELOPER,Bengaluru,Diverse Lynx India Pvt. Ltd,Not disclosed,2-6 Yrs,3 years of software development experience Ability to effectively interpret technical a...,jQueryFront endhtml5JavascriptJSONAjaxCSS3,0,0
Opening For Front End Developer with a Leading Telecom (c2h),Bengaluru,Varite India Pvt. Ltd.,Not disclosed,2-5 Yrs,"Looking for candidates with Good Exposure on Front end technologies: HTML, CSS, Javascr...",TelecomCSSFront EndNetworkingHTML,1,0
Advance Front End Development Reactjs,Bengaluru,Accenture Solutions Pvt Ltd,Not disclosed,2-5 Yrs,Educational Qualification : Bachelor of Engineering or Equivalent Professional Attribut...,Front endDOMWeb developmentArchitectural designJavascriptHTMLSchedulingOutsourcing,1,0
SFCC (demandware) Front-end Developer / Lead,"Chennai, Gurgaon, Noida",Mastek Ltd,Not disclosed,2-7 Yrs,We have an urgent opening for SFCC (Demandware) Front-End Developer / Lead Position. If...,frontend developmentfront endcssdemandwarehtml5SFCChtmlbootstrap,1,1
Tracxn - Lead - Full Stack - Node/ Express/ React/ Mongo (4-10 yrs),Bengaluru,Tracxn Technologies Pvt Ltd,Not disclosed,5-10 Yrs,Tracxn is looking for an experienced and motivated Full Stack professional to be an int...,JavaAngularJSMavenCSSMYSQLKafkaFull StackSpringMVC,0,1
Java / J2EE Full stack Developer,"Visakhapatnam, Hyderabad",RAMERSOFT SOLUTIONS,Not disclosed,4-6 Yrs,Java/J2EE Full stack Developer Experience - 4 Years to 8 Years Location : Visakhapatnam...,Computer scienceTomcatJSPDebuggingIntegration testingJavascriptHTMLApplication development,0,0
Senior Full Stack Developer,Bengaluru,MICRO FOCUS SOFTWARE SOLUTIONS INDIA PRIVATE LTD,"12,00,000 - 20,00,000 PA.",7-10 Yrs,We are looking for a candidate who brings strong problem solving skills with a combinat...,JavaCSSHibernatemultithreadGrailsData StructuresHTMLJSON,1,0
Full Stack Developer - Python/ AngularJS,Delhi NCR,Nerd Geek Lab,Not disclosed,1-3 Yrs,"Job description : Full stack Developer ( Python, Angular.js) Experience - 1- 3 year Rol...",AngularJSVue.jsRDBMSDjangoContinuous IntegrationMySQLMongoDBReact.js,1,0
Full Stack .Net Developer,Gurgaon,Ciena India Private Ltd.,Not disclosed,1-2 Yrs,Candidate must appreciate a team environment and be able to learn existing applications...,Application supportManager Quality AssuranceNetworkingSSRSJavascriptHTMLApplication developmentSSIS,0,0
Java Full Stack Development,Pune,Accenture Solutions Pvt Ltd,Not disclosed,3-7 Yrs,Must Have Skills : Java Full Stack Development Good To Have Skills : No Technology Spec...,Performance tuningLinuxNetworkingXMLEclipseJavascriptPLSQLOpen source,0,0
Java Full Stack Development,Pune,Accenture Solutions Pvt Ltd,Not disclosed,3-7 Yrs,Must Have Skills : Java Full Stack Development Good To Have Skills : No Technology Spec...,Performance tuningLinuxNetworkingXMLEclipseJavascriptPLSQLOpen source,0,0
Java Full Stack Development,Pune,Accenture Solutions Pvt Ltd,Not disclosed,3-7 Yrs,Must Have Skills : Java Full Stack Development Additional Information : A: Must to have...,Business processProduct qualitySoftware designSystem integrationHTMLScrumOutsourcingOperations,0,0
Java Full Stack Development,Pune,Accenture Solutions Pvt Ltd,Not disclosed,3-7 Yrs,"Role : Application Developer Role Description : Design, build and configure application...",Business processCore JavaCAgileJDBCPLSQLApplication developmentOutsourcing,0,0
Full Stack Developer,Mumbai,Arminus Software Pvt. Ltd,Not disclosed,5-10 Yrs,Roles and Responsibilities: Use advanced modelling tools & techniques to build full sta...,UnixJMSLinuxUMLCodingAgileHTTPJSON,0,0
Full Stack Developers - Java,Gurgaon,American Express Company,Not disclosed,2-5 Yrs,"Responsibilities: Drive user story analysis and elaboration, design and develop softwar...",JMSProduct engineeringSupply chain managementorchestrationAnalyticalAgileData structurestest driven development,0,0
Java Full stack Developer,Gurgaon,Spectrum Talent Management,Not disclosed,6-10 Yrs,Roles and Responsibility : Job Description: Full Stack Developer belongs to Self-Organi...,AutomationProduction supportJBossCodingMySQLAgilePLSQLScrum,0,0
Software Engineer - Full Stack Developer,Bengaluru,Hitachi Consulting Software Services India Limited,Not disclosed,0-2 Yrs,"We are seeking a Full Stack Developer to join a fast-paced, highly collaborative engine...",Software testingPrototypeTechnical designDeploymentApplication softwareSoftware solutionsTesting,0,0
Full Stack Engineers - Python,"Chennai, Bengaluru",TVS NEXT,Not disclosed,9-14 Yrs,"Job Description Why join TVS Next We help our clients reimagine, design and develop sof...",LinuxBusiness AnalystProduction planningJavascriptHTMLApacheContinuous improvementSQL,0,0
Senior Full Stack Engineer,Indore,IT company,"12,00,000 - 15,00,000 PA.",3-5 Yrs,"Strong programming skills in Javascript is a must, with experience working with MongoDB...",Communication SkillsOpen SourceUnit TestingWeb TechnologiesGraph DatabasesMongoDBReact.JsAWS,1,0
Hiring For Full Stack Developer - Newt Global - Chennai,Chennai,Newt Global India Private Limited,"4,00,000 - 9,00,000 PA.",4-7 Yrs,Greetings From Newt Global !! Looking For Full Stack Developer - Chennai Location Venue...,front endAngularjscssjunitjspfull stack software programmerfull stack developerhibernate,0,0
Zippr is Hiring_mean full Stack Developer,Hyderabad,Zippr,Not disclosed,3-6 Yrs,Create applications on both the server-side and on the web interface for maximum impact...,Angularjsnode.jsexpress jsMean Stackmean stack codingfull stack developermongodbMean Stack Developer,1,0
Full Stack Developer - C2H,Hyderabad,RESPONSE INFORMATICS LIMITED,Not disclosed,5-10 Yrs,"5+ years of experience as Full stack developerReact JS, Experience in Agile Software De...",Software Development MethodologiesHtml5XMLWeb TechnologiesJavascriptAgileJSONSOAP,1,0
Full Stack Developer,Mohali,Steg Infotech Private Limited,Not disclosed,1-4 Yrs,Immediate or maximum 15 days notice periodHands on experience in Core JAVA and Node JSE...,cssJavascripthtmlNode.JsbootstrapBackbone.Jsjquerycore java,1,0
Senior J2EE Full Stack Developers,Hyderabad,Prokarma Softech Pvt. Ltd.,Not disclosed,4-8 Yrs,"Very good analytical, problem solving ability, verbal and written communication skillsM...",java / j2ee programmerspring bootjmsactivemqJavaJava J2Ee Developerj2eejava / j2ee program,0,0
Full Stack Senior,"Trivandrum, Trivandrum",EY,Not disclosed,6-10 Yrs,Job Summary This person would have significant experience in the Full stack technologie...,HTML 5CSS/CSS3full stackJavaScript framework like Angular JSReact,0,1
Full Stack Developer - React.js/angularjs,Bengaluru,Pepper Cloud,Not disclosed,1-5 Yrs,"Minimum of 2 years of software engineering experience, preferably in an isomorphic / un...",RESTful APIAngularJSExpressReduxFull StackExpress.jsReactAngular,0,1
Full Stack Developer,Delhi NCR(Sector-19B Dwarka),RACK 37 INNOTECH PRIVATE LIMITED,Not disclosed,1-5 Yrs,"Also, the market reviews analysis and forecasting of product functioning and maximum co...",full stack mobile applollipop5.0Full Stack Developerkotlinfirebasefull stack software developerfull stack programmer,0,1
Tracxn - SDE II - Full Stack - Node/ Express/ React/ Mongo (1-5 yrs),Bengaluru,Tracxn Technologies Pvt Ltd,Not disclosed,1-5 Yrs,The Apps team is an essential part of the Technology team at Tracxn and works on solvin...,mongoAngularjsExpressWeb TechnologiesNodees6Node.JsReact,0,1
Need ROR Full Stack Developer For Mumbai_only Immediate Joiners,Mumbai(Lower Parel),Xebia IT Architects India Pvt Ltd,Not disclosed,3-7 Yrs,Full Stack Developer (Ruby/Javascript) We are looking for a Ruby Full Stack Developer. ...,RailsRuby on RailsRORRuby RailsReactJSJava ScriptJavascriptReact.JS,1,0
Full Stack Engineer - MERN,Bengaluru,Snaphunt,Not disclosed,2-7 Yrs,"You possess a Degree / Diploma from top-tier institute in Computer Science, Engineering...",JavaCSSNoSQLHtml5Web TechnologiesCassandraJavascriptUser Experience,0,1
Tracxn - SDE II - Full Stack/ MERN Stack (1-5 yrs),Bengaluru,Tracxn Technologies Pvt Ltd,Not disclosed,1-5 Yrs,The Apps team is an essential part of the Technology team at Tracxn and works on solvin...,AngularjsExpressMongoWeb TechnologiesNodeNode.JsReactSenior Developer,0,1
EY Hiring For Java Full Stack Developer with Mongodb,Bengaluru,Ernst and Young Services Pvt. Ltd,"6,00,000 - 10,00,000 PA.",3-7 Yrs,"Full stack MongoDB, ELK, noSQL, CICD is a must",Program ManagementMongoDBElastic Search,0,0
Full Stack Web Developer - March24,Pune,Iristechsys Software Services LLP,"3,00,000 - 4,25,000 PA.",2-3 Yrs,"Because we are stable, we promise minimum 6 months job security in writingThe job descr...",AngularjsjQuerySpring BootReact.JsjavascriptAngular,1,0
Full Stack Developer,Bengaluru,Superior Group,Not disclosed,3-6 Yrs,"Key Capabilities 1. Highly experienced in backend programming languages like Java, PHP,...",BackendProduct engineeringGITMVC frameworkMySQLProgrammingPHPOracle,0,0
Full Stack Technology Lead ( Nodejs/ Python + Angular ),Kochi,Experion Technologies,Not disclosed,7-10 Yrs,"Ability to identify and split the tasks required for a User Story implementation, think...",Entity Framework Core.Net CoreCSSLINQDOMHTMLJSONAngular,1,0
Senior Java Full Stack Developer,Hyderabad,Allegis Services India Pvt. Ltd.,Not disclosed,7-12 Yrs,ROLE The principal task will be to collaboratively deliver innovative solutions in the ...,JenkinsJavaMavenNoSQLDockerJUnitGCPXML,0,0
Java Full Stack Developer,"Gurgaon, Noida",The Office Pass,Not disclosed,1-6 Yrs,You will be contributing to our growth through Designing and Implementing new features ...,MavenCore JavajQueryGITSOADatabase designMySQLData structures,0,0
Full Stack Developer,Bengaluru,Delict Technology Services,Not disclosed,8-9 Yrs,"Mandatory Skills- 1) Vue.js, Vue CLI, Vuex, Vue Router, and Nuxt.js. 2) javascript, css...",BackendAutomation testingSAPPDFWeb technologieshtml5JavascriptHTML,0,0
Sr. Full Stack Mobile Developer - Cloud Platform,Pune,Johnson Controls,Not disclosed,2-7 Yrs,What you will do The candidate will be developing and improving the mobile applications...,NUnitLinuxShell scriptingAgileWindowsVisual StudioJIRAAndroid,0,0
SSE- Full Stack Java,"Chandigarh, Gurgaon",MAVEN WAVE PARTNERS (INDIA)PVT. LTD.,Not disclosed,1-3 Yrs,Your Expertise: - Strong understanding of Java 8 or higher with overall 1-3 years of ex...,IT servicesMavenHibernatePostgresqlMySQLConsultingJavascriptOracle,0,0
Full Stack Engineer,Hyderabad,Dremio,Not disclosed,3-5 Yrs,About the Role Dremio s user experience is one of its key differentiators and makes all...,Computer sciencegithubFront endWeb technologiesData structuresHTMLmicrosoftAnalytics,0,0
Full Stack Developer,Gurgaon,Oodles Technologies Pvt Ltd,Not disclosed,0-1 Yrs,Good Knowledge in web application development using Python and Django / FlaskWriting go...,algorithmsreact.jscsspythondjangojsonhtmlflask,1,0
Full Stack Developer / Senior Software Developer,Ahmedabad,LeewayHertz Technologies Private Limited,Not disclosed,5-6 Yrs,Above 5 years of experience in back-end and front-end development. Practical demonstrat...,front endfront end developercsshtml5jspandroidbootstrapjavascript,1,0
Full Stack Technology Lead (nodejs/python + Angular),Kochi,Experion Technologies (I) Pvt. Ltd.,Not disclosed,7-10 Yrs,"Ability to identify and split the tasks required for a User Story implementation, think...",cssdomNode.Jsbootstrapajaxreactjsjavascriptangular,0,0
.NET Full Stack Technology Lead,Kochi,Experion Technologies,Not disclosed,7-10 Yrs,"Ability to identify and split the tasks required for a User Story implementation, think...",Cloud ExposureAWS / Azure / Google CloudWeb APIBlazorEntity FrameworkJavascript TechnologiesAsp.NET Core MVCReact JSAngular,1,0
Principal/ Senior Full Stack Java Engineer,Bengaluru,Luxoft India LLP,Not disclosed,3-8 Yrs,"The candidate will be required to work closely with the Development Manager, Project Ma...",CSSHtml5MySQLJavascriptRxjsBootstrapRedisMongoDB,0,0
Full Stack Web Developer,Gandhinagar,IT-Innovator Web Apps Services,Not disclosed,2-7 Yrs,The candidates should be comfortable working with a small team. The candidate must have...,GraphicsFront endPDFWeb technologiesMySQLPHPHTMLObject oriented programming,0,0
Full stack Java,Hyderabad,Arminus Software Pvt. Ltd,Not disclosed,8-15 Yrs,REQUIRED EXPERIENCE AND ABILITIES 1.8-15 years of experience 2.Hands on technical exper...,UI developmentAnalytical skillsJSP servletsspring bootHibernateCore JavaScalabilityEnterprise applications,0,0
Full Stack Java Developer/Lead/Architect,Bengaluru,Diverse Lynx India Pvt. Ltd,Not disclosed,4-6 Yrs,"With around 4 to 12 years of experience in Java, Angular 2 or above and? Spring Boot? R...",spring bootSpring mvcspring securityLead ArchitectTDDBankingAgileDevelopment Lead,0,0
Full Stack Developer,"Chennai, Bengaluru",VMware India,Not disclosed,7-12 Yrs,"Job Description About You You love to learn and to dig into new technologies, and can p...",HibernateERPAutomationSOAMySQLJavascriptStrutsHTML,0,0
MERN Stack / Full Stack Developer,Ahmedabad,Intuz,Not disclosed,12-22 Yrs,"Job Description Smart, enthusiastic, innovative thinker having minimum 3+ years of Java...",Web developmentJavascriptDatabaseManager TechnologyMongoDB,0,0
Java Full Stack Developer,Bengaluru,Diverse Lynx India Pvt. Ltd,Not disclosed,3-7 Yrs,"Responsibilities In this role, one shall be responsible for designing and developing ap...",JMSPerformance tuningMavenCore JavajQueryJavascriptAgileScrum,0,0
Java Full stack Developer,Gurgaon,Diverse Lynx India Pvt. Ltd,Not disclosed,3-7 Yrs,"Job Description Spring Boot, Spring Data, Spring Batch, Hibernate, Rest WebServices, No...",Mavenspring bootHibernateWeb servicesspring batchApachecloud foundry,0,0
Senior Software Engineer ? Full Stack Web Development,Bengaluru,Siemens Limited,Not disclosed,8-13 Yrs,Job Description Responsible for the design of module(s) which are part of a system Deve...,MS SQLNetworkingWeb developmentJavascriptAgileData structuresHTMLApplication development,0,0
Full Stack Developer (Java/JS & JS Framework / Database),Pune,Citicorp Services India Pvt Ltd,Not disclosed,4-7 Yrs,The Applications Development Intermediate Programmer Analyst is an intermediate level p...,Programmer AnalystComplianceDebuggingConsultingProgrammingManager TechnologySubject Matter ExpertManagement,0,0
Full Stack SSE For .Net - CES LTD -cmmi Level 3,Chennai(Navalur),CES Ltd.,Not disclosed,4-9 Yrs,Responsibilities may include: Job Description: 4+ years of software design and developm...,c#front endapplication softwarecoreasp.net mvcdot net developer.net core.net,1,0
Full Stack Developer,Gurgaon,Oodles Technologies Pvt Ltd,Not disclosed,0-1 Yrs,Should have worked with cross-cultural teams across multiple locationsAn in-depth under...,spring bootcssjavaspring dataj2eehtmlhibernateangularjs,1,0
Immediate Opening For Full Stack Developer,Bengaluru,IBM India Pvt. Limited,Not disclosed,4-9 Yrs,"Should be proficient in exception handling, collections, Abstract Classes and Interface...",IntelliJJavaJMSMavenHibernateSpring MvcJSP ServletsJavascript,0,1
Senior Java Full Stack Developer,Hyderabad,Allegis Services India Pvt. Ltd.,Not disclosed,7-12 Yrs,ROLE The principal task will be to collaboratively deliver innovative solutions in the ...,JenkinsJavaMavenNoSQLDockerJUnitGCPXML,0,0
.Net Full Stack Developer,"Chennai, Pune",Atos Syntel,Not disclosed,4-9 Yrs,Potential candidate should be able to create/update windows application(s) using C# - C...,C#MS SQLADO.NetXMLMySQLJavascriptJQueryWindows Application,0,1
Full Stack / Backend Developer,Mumbai,INK IN CAPS MEDIA AND MARKETING LLP,Not disclosed,3-8 Yrs,"We are looking for an analytical, results-driven Back-end Developer who will work with ...",CSSServerclient server architectHTMLNode.JsJQuerybackend programmerOauth,0,1
Full Stack Python Developer,Hyderabad,Loginsoft Pvt Ltd,Not disclosed,2-5 Yrs,"Experience in web application development using Python, Django/Flask. Proficient in dev...",pythondjangorest apiAngular,0,1
Full Stack Developer - Java / Angular,Noida,Ciena India Private Ltd.,Not disclosed,4-8 Yrs,Experience,Web servicesNetworkingLDAPTalent acquisitionEthernetTelecom OSSEDIOracle,0,0
Full Stack Developer,Noida,Ciena India Private Ltd.,Not disclosed,8-12 Yrs,has good technical communication skills to collaborate in a teamExperience,MavenNetworkingLDAPCodingJavascriptData structuresWorkflowHTML,0,0
Full Stack Engineer (drupal),Mumbai,Snaphunt,Not disclosed,2-4 Yrs,"You have at least 2 years experience, ideally within a Software Engineer or IT Consulti...",UbuntuJavaRedhat LinuxDrupalCSSHtml5JavascriptPHP,0,1
Immediate Opening For full Stack Developer_reactjs Experience,Bengaluru,IBM India Pvt. Limited,Not disclosed,3-8 Yrs,Minimum 3 years professional / industrial experience in software developmentExperience in,DojoXSLJavaSenchaJSPXMLJavascriptHTML,0,0
Hiring Full Stack Developer || Angular 6 & Angular 7 || IT Company,Gurgaon,ACAP Solution India Pvt. Ltd..,Not disclosed,3-5 Yrs,"ACS is a young, dynamic and fast moving business and technical management consultancy t...",angular 4mangodbangular developerangular7angularangular6databasenode.js,1,0
.NET Full Stack Developer with Angular 7-8,Mumbai,Arcon Techsolutions private limited,Not disclosed,3-8 Yrs,Deep knowledge of Angular practices and commonly used modules based on extensive work e...,C#CSSRestFront EndJavascriptBootstrapEntity FrameworkHTML,0,1
Full Stack Developer,Bengaluru,Accenture Solutions Pvt Ltd,Not disclosed,2-5 Yrs,"Research, assess and adopt new technologies as required Ability and passion to quickly ...",JavaSoftware DevelopmentSoftware ServicesSoftware EngineeringWeb TechnologiesEffort EstimationNode.JsTest Driven Development,0,0
Full Stack Developer,Bengaluru,Accenture Solutions Pvt Ltd,Not disclosed,3-6 Yrs,DESCRIPTION As a Software Engineer you will have strong programming background and expe...,JavaSoftware DevelopmentSoftware EngineeringWeb TechnologiesNode.JsTest Driven DevelopmentAPI / database developmentJava stack,0,0
Full Stack Web Developer,Indore,SR Expert Services,Not disclosed,2-6 Yrs,Urgent Hiring for Full Stack Web Developer Profile - Full Stack Web Developer Salary - ...,BackendFront endHR ExecutiveProject managementInfrastructureProgrammingJavascriptComputer application,0,0
Full Stack Developer,Chandigarh,IDS Infotech Ltd.,Not disclosed,4-7 Yrs,Good problem solving skillsGood Communication skills are mustHaving good knowledge of c...,JavaCSSHtml5full stack software programmerWeb DesigningFull Stack DeveloperFront EndMySQL,0,0
Java Full Stack Development,Pune,Accenture Solutions Pvt Ltd,Not disclosed,3-7 Yrs,Must Have Skills : Java Full Stack Development Additional Information : A: Must to have...,Business processProduct qualitySoftware designEnterprise integrationSystem integrationScrumOutsourcingOperations,0,0
Java Full Stack Development,Pune,Accenture Solutions Pvt Ltd,Not disclosed,3-7 Yrs,"Role : Application Developer Role Description : Design, build and configure application...",Business processCore JavaCAgileJDBCPLSQLApplication developmentOutsourcing,0,0
Full Stack Dot Net Developer,Hyderabad,S&P Global,"7,00,000 - 14,00,000 PA.",3-6 Yrs,The Role : Application Developer- Full Stack Dot Net Developer The Location : Hyderabad...,NUnitCSSLINQWindows ServicesADO.NetJavascriptEntity FrameworkMVC,1,0
Full Stack java Developer / Sr. Devops Developer (telecom) For Dubai,Dubai/ UAE,Emirates Technology Solutions LLC,Not disclosed,6-11 Yrs,Local candidates preferredRequired Candidate profileSkills (Must have) :,DevOpsJava ScriptFull StackKubernetes,1,0
Full Stack Developer,"Delhi NCR, Mumbai, Chandigarh",1 Touch Development Private Limited,Not disclosed,2-4 Yrs,Any candidate with a graduate degree having a minimum experience of 2 years can applyRe...,JavaCSSRestMySQLJavascriptPHPHTMLNode.Js,1,0
Java Full Stack Developer _CGI,Bengaluru,CGI Information Systems and Management Consultants Private Limited,Not disclosed,4-8 Yrs,Experience: 4-8 years,Angularjsjavajava eecore java developercore java / j2ee developerspringbootjava developer,1,0
Full Stack Developer (Node.js),Mumbai,Packt Publishing Limited,Not disclosed,3-8 Yrs,We are looking to fill a Full Stack software developer role to work on a fast paced del...,CSSMINPostgresqlJavascriptNode JSProgrammingHTMLSoftware,0,0
Full Stack Developer,"Trivandrum, Kochi",EYGBS (INDIA) LLP,"3,00,000 - 8,00,000 PA.",2-7 Yrs,Job Summary: This person would have significant experience in the Full stack technologi...,CSSRestSoftware DevelopmentGITHtml5MySQLJavascriptHTML,1,0
"Full Stack Developer ( Urgent Requirement ), South Delhi",Delhi(Adhchini),GTROPY SYSTEMS PRIVATE LIMITED,"3,00,000 - 8,00,000 PA.",3-6 Yrs,B Tech in Computer Sciences from a reputed college9 years of experience is required in ...,asp.net ajaxc++web servicesfull stack developerdatabase administrationjavascriptiotnosql,1,0
Full Stack Lead,Pune,Demand Matrix,Not disclosed,5-10 Yrs,We are looking for Full Stack Lead who loves tech challenges and is a problem solver. T...,springnodenode.jspythonHivejavaHadoopBig Data,0,1
Full Stack Developer,Bengaluru(3rd Phase JP Nagar),"Liventus, Inc.","9,00,000 - 19,00,000 PA.",7-10 Yrs,"We are looking for experienced, Full Stack Developers who can take the lead on executin...",C#Stored ProceduresHtml5Web TechnologiesJavascriptWeb ApplicationCMS.Net,0,0
Dot Net Full Stack Developer,"Pune, Hyderabad",Innominds Software Pvt Ltd,Not disclosed,5-10 Yrs,.NET Full Stack Developer 4 - 8 Years Experience Hyderabad & Pune Location B.E/ B.Tech/...,codesoftwareOOADEntity frameworkjQueryWeb servicesapplicationUML,0,0
Full Stack Developer,Ahmedabad,The Gateway Corp,Not disclosed,2-6 Yrs,Node JS with Express and should have worked with MySQL not just MongoStrong experience ...,mysqlnode.jsjavascriptAngular,0,1
UI Developer and Full Stack Developer,Bengaluru,Teamware Solutions,Not disclosed,4-9 Yrs,"21 March 2019 UI Developer and Full Stack Developer (4 Roles) Bengaluru, Karnataka, Ind...",PDFApplication programmingOOPS,0,0
Senior .Net Full Stack (angular Js/1.x/2/4/6 / React.js) Developers,Bengaluru,Prokarma Softech Pvt. Ltd.,Not disclosed,4-8 Yrs,Should have comprehensive experience in developing applications using design principles...,c#react jsdotnet+react j scriptdotnet programmerbackend developerdotnet+react java scriptdotnet software engineerangular,0,0
Lead Member Technical Staff ( Full Stack Developer),Bengaluru,AthenaHealth Technology Private Limited.,Not disclosed,8-13 Yrs,Experience with deploying and maintaining services in public cloud like AZURE is an add...,springreact.jsJavaBackend Developerfull stack developerapihibernateaws,0,1
Java Full Stack (US Onsite Opportunity),"United States (U.S), Pune",Synechron Technologies Pvt Ltd,Not disclosed,5-10 Yrs,Synechron is hiring for a Java Tech Leads/Senior developers with a strong background in...,restreact.jsoracleentity frameworkweb technologiesfull stack developerhibernateangularjs,0,1
Dot Net Full Stack Developer Jobs Big,Bengaluru,Inspiration Manpower Consultancy Pvt. Ltd.,Not disclosed,2-5 Yrs,"Unit Test Framework, Unity framework, MVP Pattern, SMTP client, Good exposure to UI tec...",SMTPjQueryCodingADO.NetHTMLWCFMVCsoftware quality,0,0
Full Stack Developer - PHP,Pune,PS International Infoservices Pvt Ltd,Not disclosed,2-4 Yrs,"&Job Description&Job Tittle::Full Stack Developer-PHP &Location::Kharadi, Pune &Experie...",Computer scienceDrupalVersion controlCodingJavascriptPHPHTMLOpen source,0,0
Full Stack Developer - Full Cycle Web Application Development,Mumbai,FresherMart,Not disclosed,2-5 Yrs,Duties and Responsibility : You will work with our internal team and customer contact t...,CI / CDRESTful APICloud ServicesJWTFull StackJSONVue.jsPMP,1,0
Full Stack Developer,Delhi,Adriyana Solutions Pvt. Ltd.,Not disclosed,3-6 Yrs,Full Stack Developer Permanent 03 - 06 Year Job Description: ? Proven experience as a F...,jQueryFront endXMLAnalyticalMySQLHTMLMongoDBMobile applications,0,0
Java Full stack developer,Bengaluru,Diverse Lynx India Pvt. Ltd,Not disclosed,3-7 Yrs,Responsible for providing Development services in a Java environment during regular Ind...,BackendInterpersonal skillsArchitectureIntegration testingAgileHTMLCustomer serviceUnit testing,0,0
Full Stack .NET Developer,Pune,Diverse Lynx India Pvt. Ltd,Not disclosed,3-7 Yrs,Job Title: Full Stack .NET Developer Reporting Structure: The developer will report to ...,BackendGITTechnical leadershipAgileDatabaseEntity frameworkHTMLScrum,0,0
Full Stack Web Developer,Chennai,Diverse Lynx India Pvt. Ltd,Not disclosed,2-6 Yrs,Share profiles for full stack web developer. Experience in Angularjs and ReactJS will b...,Web technologiesangularjs,0,0
Java Full Stack Developer 4to10years exp Hyderabad Location,Hyderabad,Allegis Services India Pvt. Ltd.,Not disclosed,4-9 Yrs,Should have prior experience in DevOps (CI / CD)Must have prior Unix shell scripting ex...,JavaNoSQLCISQL DatabaseSpring FrameworkUnix Shell ScriptingSpring BootOracle,0,0
Java Full Stack Developer Opportunity For Immediate Joiners @ Mumbai,Mumbai,RANDSTAD INDIA PVT LTD,Not disclosed,5-9 Yrs,"Dear Candidate, We have an opportunity with our MNC client for Java Full Stack Develope...",karmajava full stackfull stack developerjadebootstrapnodejsknockoutjsjavascript,1,0
"Full Stack Developer(3-5) Yrs( React.js, Node.js,angular.js, PHP)",Noida(Sector-63 Noida),Codefire Technologies Private Limited,"2,50,000 - 5,00,000 PA.",2-5 Yrs,"Hi, Noida based company CodeFire Technologies Pvt. Ltd.( Company works in React.Js, Ang...",AngularjsCSSFront EndPHPHTMLNode.JsMongoDBReact.Js,1,0
Full Stack Developer (.net),Pune,Schlumberger India Technology Centre Pvt Ltd,Not disclosed,2-4 Yrs,The Full-Stack Software Engineer should be proficient in all stages of web application ...,CSSRestAzureNoSQLHtml5Web TechnologiesJavascript.Net,0,1
Full Stack Architect,Hyderabad,MSR IT Services LLP,Not disclosed,8-13 Yrs,"MSR IT Services, A CMMi Level-3 Company has an excellent opportunity for Full Stack Arc...",full stack architectureangularnode.jsfull stack technical architectPostgreSQLmean stackfull stack architectfull stack,0,1
.Net Full Stack Developer,Hyderabad,OSI DIGITAL PRIVATE LIMITED,Not disclosed,5-8 Yrs,Type: Full Time Good Experience in SQL Server Reporting Services & Integration Services...,c#asp.net.net frameworkJavascriptmvcsql server,0,1
Full Stack Developer,Chennai,BPMLinks,Not disclosed,2-5 Yrs,Full Stack Developer Role: Full Stack Developer Position: Job Type: Full Time Experienc...,Java EECSSFront endJavascriptDatabaseHTMLSpring,0,1
Full Stack Developer by Career Drivers Private Limited,Hyderabad,Career Drivers India Pvt. Ltd,Not disclosed,5-10 Yrs,Skills Advanced Javascript Requirements This is a requirement for a full stack develope...,CodingSharingJavascriptMongoDbangularjsMapOpen,0,0
Full Stack Developer by Career Drivers Private Limited,Hyderabad,Career Drivers India Pvt. Ltd,Not disclosed,5-10 Yrs,Skills Advanced Javascript Requirements This is a requirement for a full stack develope...,CodingSharingJavascriptMongoDbangularjsMapOpen,0,0
CLOUD COMPUTING - Assistant Professor,Delhi,Northern India Engineering College,Not disclosed,2,Job Description: Qualification: A PhD Degree with first class or equivalent grade at th...,CounselorMentorTrainerAdvisorEducatorTeaching,0,0
CLOUD COMPUTING - Associate Professor,Delhi,Northern India Engineering College,Not disclosed,3,Job Description: Qualification: A PhD Degree with first class or equivalent grade at th...,CounselorMentorTrainerAdvisorEducatorTeaching,0,0
CLOUD COMPUTING - Professor,Delhi,Northern India Engineering College,Not disclosed,6,Job Description: Qualification: A PhD Degree with first class or equivalent grade at th...,CounselorMentorTrainerAdvisorEducatorTeaching,0,0
Cloud Computing & Virtualization- Assistant Professor,GreaterNoida,Galgotias University,Not disclosed,4,Post Graduate in relevant discipline with NET and/or Ph.D as per U.G.C Norms,CounselorMentorTrainerAdvisorEducatorTeaching,0,0
Cloud Computing & Virtualization- Associate Professor,GreaterNoida,Galgotias University,Not disclosed,8,Ph.D with 8 years experience in the relevant field,CounselorMentorTrainerAdvisorEducatorTeaching,0,0
Cloud Computing & Virtualization- Professor,GreaterNoida,Galgotias University,Not disclosed,1,Ph.D with 10 years experience in the relevant discipline or equivalent industry experience,CounselorMentorTrainerAdvisorEducatorTeaching,0,0
Hiring For Active Directory/ Exchange Server/ Cloud Computing,Delhi,JOBS EXPERT PRIVATE LIMITED,"3,00,000 - 6,00,000 PA.",1,*NEED IMMEDIATE JOINERS***** .CALL LIPIKA .9999333648 .lipika.jobexpert@gmail.com Skype...,Windows ServerTroubleshootingActive DirectoryDHCPFSMOMicrosoft o365DNS ServerCloud Computing,0,0
Hiring For Active Directory/ Exchange Server/ Cloud Computing,Bengaluru,JOBS EXPERT PRIVATE LIMITED,"3,00,000 - 6,00,000 PA.",1,*NEED IMMEDIATE JOINERS***** .CALL LIPIKA .9999333648 .lipika.jobexpert@gmail.com Skype...,Windows ServerTroubleshootingActive DirectoryDHCPFSMOMicrosoft o365DNS ServerCloud Computing,0,0
Hiring For Active Directory/ Exchange Server/ Cloud Computing,Gurgaon,JOBS EXPERT PRIVATE LIMITED,"3,00,000 - 6,00,000 PA.",1,*NEED IMMEDIATE JOINERS***** .CALL LIPIKA .9999333648 .lipika.jobexpert@gmail.com Skype...,Windows ServerTroubleshootingActive DirectoryDHCPFSMOMicrosoft o365DNS ServerCloud Computing,0,0
Database Architect - Azure Cloud Computing,Hyderabad,EHNOTE SOFTLABS PVT LTD,Not disclosed,7,Experienced in working on Database Administration Activity and Architecture (SQL Server...,Oracle Apps DbaMicrosoft AzureDB Architectdatabase architectSQL Azuresql server,0,0
Microsoft Dynamics Trainer - Office 365/cloud Computing,Bengaluru,CrossTab IT Consulting,Not disclosed,3,Skill set : - 5+ years of experience in taking technical training on Microsoft Office s...,C#AzureCloud ComputingMS DynamicsC# programmingTechnical TrainingOffice 365MS Dynamics 365,1,0
Hiring For a Cloud Computing Engineer For USA,UnitedStates,APC Consultants,Not disclosed,5,Candidate should have minimum of 5 years of experience,Azure and Google Cloud platformCloud Computing - Amazon Web ServicesIBM Soft,1,0
Principal Architect - Aem/cloud Computing,Bengaluru,DataGroup Geospatial Technologies Pvt. Ltd.,Not disclosed,1,Job Nature : Full Time Should have experience with high volume of data processing with ...,Technical ArchitectJVMAngularJSJavaDesign PatternsAEMJ2EEAlgorithm,1,1
Data Engineer - Cloud Computing/etl,Pune,Staffio HR,Not disclosed,2,"Must Haves : Unix, Python, Java, data modelling, data structures, ETL, algorithms, Clou...",IT SkillsJavaPythonCloudDevOpsBig DataAWSAzure,1,1
Cloud Computing Consultant - HN Web Marketing Pvt Ltd,Pune,HN Web Marketing Pvt Ltd,Not disclosed,2,Cloud consultants combine investigative and analytical skills in their work. They use c...,formulation development skillsweb technologiescloud computinganalytical skills,0,0
Visiting Faculty Position - Cloud Computing,Bhubaneswar,Indian Institute of Technology Bhubaneswar,Not disclosed,N,"positions, selected candidates will be offered consolidated monthly remuneration and ot...",None,0,0
Assistant Professor Grade-II - Cloud Computing,Bhubaneswar,Indian Institute of Technology Bhubaneswar,Not disclosed,N,Advertisment Nos : Advertisement No. Rectt/01/ 2019 Pay Scale : Pay Level 11 (in case o...,None,0,0
Assistant Professor Grade-I - Cloud Computing,Bhubaneswar,Indian Institute of Technology Bhubaneswar,Not disclosed,N,"Once selected in this position, the candidate will be evaluated for the post of Assista...",None,0,0
Associate Professor - Cloud Computing,Bhubaneswar,Indian Institute of Technology Bhubaneswar,Not disclosed,N,The candidate should have demonstrated capability and adequate experience of independen...,None,0,0
Professor - Cloud Computing,Bhubaneswar,Indian Institute of Technology Bhubaneswar,Not disclosed,N,Experience: A minimum of 10 years teaching / research/industrial / professional experie...,None,0,0
Associate Professor - Operating Systems and Cloud Computing,Delhi,Indian Institute of Technology Delhi,Not disclosed,N,The website also contains useful information on various aspects of working and living a...,None,0,0
Assistant Professor Grade - II - Cloud Computing,Pune,Indian Institute of Information Technology Pune,Not disclosed,N,The eligible and interested candidates are required to submit the hardcopy of completel...,None,0,0
Professor - Operating Systems and Cloud Computing,Delhi,Indian Institute of Technology Delhi,Not disclosed,N,The website also contains useful information on various aspects of working and living a...,None,0,0
Assistant Professor Grade - I - Cloud Computing,Pune,Indian Institute of Information Technology Pune,Not disclosed,N,The eligible and interested candidates are required to submit the hardcopy of completel...,None,0,0
Associate Professor - Cloud Computing,Pune,Indian Institute of Information Technology Pune,Not disclosed,N,The eligible and interested candidates are required to submit the hardcopy of completel...,None,0,0
Professor - Cloud Computing,Pune,Indian Institute of Information Technology Pune,Not disclosed,N,The eligible and interested candidates are required to submit the hardcopy of completel...,None,0,0
Assistant Professor - Cloud Computing,Kolkata,Indian Institute of Management Calcutta,Not disclosed,N,"For a permanent position, the work experience requirement is as follows: Minimum 3 year...",None,0,0
Associate Professor - Cloud Computing,Kolkata,Indian Institute of Management Calcutta,Not disclosed,N,A faculty member is required to teach core and elective courses in various programs (at...,None,0,0
Professor - Cloud Computing,Kolkata,Indian Institute of Management Calcutta,Not disclosed,N,A faculty member is required to teach core and elective courses in various programs (at...,None,0,0
Assistant Professor -Operating Systems And Cloud Computing,Delhi,Indian Institute of Technology Delhi,Not disclosed,N,Rolling Advertisement for The Post of Assistant Professor And Equivalent Faculty Positi...,None,0,0
Cloud Computing Azure Jobs In Gurgaon || CTC@ 7.2L,Delhi,JOBS EXPERT PRIVATE LIMITED,"4,25,000 - 7,50,000 PA.",1,"Required 1+ years of experience in ""Azure"" Must have good knowledge of DNS , DHCP , Act...",Technical ConsultantTechnical RepresentativeFTPMicrosoft CertifiedPAASdnsmicrosoft azureRedis,0,0
Cloud Computing Azure Jobs In Gurgaon || CTC@ 7.2L,Gurgaon,JOBS EXPERT PRIVATE LIMITED,"4,25,000 - 7,50,000 PA.",1,"Required 1+ years of experience in ""Azure"" Must have good knowledge of DNS , DHCP , Act...",Technical ConsultantTechnical RepresentativeFTPMicrosoft CertifiedPAASdnsmicrosoft azureRedis,0,0
Senior Software Engg - Systems,Bengaluru,Mphasis Limited,Not disclosed,4,Who are we looking for? Full stack developer having strong hands-on experience in devel...,Cloud computingspring bootUsageTDDAgile developmentScrumMongoDBtest driven development,0,0
Software Engineer -systems,Bengaluru,Mphasis Limited,Not disclosed,2,Able to work in Scrum model at offshoreable to work directly with customer stakeholders...,BPOCloud computingTDDWeb developmentScrumtest driven developmentTest casesJIRA,0,0
Backend Developer - Server Side Programming - Php/node.js,Mumbai,Viaan Industries Ltd,Not disclosed,1,Optimization of the application for maximum speed and scalability Proficient understand...,Cloud ComputingProduct DesignIT Product ArchitectureMicroservices ArchitectureApache ServerJavascriptPHPNode.js,1,0
Mgr - IT Qual Assur,Hyderabad,Verizon Data Services India Pvt.Ltd,Not disclosed,2,What you ll be doing : Leading and motivating a team to execute priorities and provide ...,Cloud computingGITTesting toolsBillingAgileApplication developmentSeleniumJIRA,0,0
Master Trainer,Allahabad,Talent Zone Consultant,Not disclosed,3,Deliver complete end to end skill development program starting from basics of networkin...,UnixCloud computingLinuxNetworkingMySQLWeb developmentJavascriptPHP,0,0
Lead Software Developer,Pune,EMERSON INNOVATION CENTER - PUNE,Not disclosed,4,* Responsibilities: Develop and Test software applications Prepare software design and ...,Cloud computingSoftware designPHPWorkflowWCFMVCStored proceduresApplication software,0,0
Business Analyst,Mohali,GM WARE,Not disclosed,1,Strong experience with SCRUM and other agile project management methodsExp: 1-3year - E...,Product StrategyImplementationBusiness AnalysisAgile Project ManagementCloud ComputingBrdSRSFSD,1,0
Business Analyst,Punjab,GM WARE,Not disclosed,1,Strong experience with SCRUM and other agile project management methodsExp: 1-3year - E...,Product StrategyImplementationBusiness AnalysisAgile Project ManagementCloud ComputingBrdSRSFSD,1,0
Java Technical Lead,Bengaluru,Mphasis Limited,Not disclosed,7,We are looking to hire spirited and talented individuals. 7 to 12 years IT experienced ...,spring bootangularjavapivotalagile developmentcloud computingawsazure,0,0
Vice President Software Services,Bengaluru,STRAND LIFE SCIENCES PRIVATE LIMITED,"50,00,000 - 60,00,000 PA.",1,"10-15 years of experience in software development and managementlicenses, certification...",c#JavaPostgresqlc #Node.JsApache Tomcatmobile application developmentWPF,1,0
Vice President Software Technology,Bengaluru,STRAND LIFE SCIENCES PRIVATE LIMITED,"50,00,000 - 60,00,000 PA.",1,"licenses, certifications, specialized training, physical or mental abilities required)1...",vice president software technologyweb technologiessoftware product developmentmobile application developmentcloud computingVP Software Technology,1,0
Application Developer,Chandigarh,Oceaneering International Services Limited,Not disclosed,3,JOB DESCRIPTION Position Summary We are looking for Elastic Search Developer with stron...,Solution architectureCloud computingC++ArchitectureSOALinuxDatabase designXML,1,1
MTS-Physical- Design- Engineer,Bengaluru,"Advanced Micro Devices, Inc.",Not disclosed,7,Physical Design Engineer Top engineering skills just isn't good enough for our Engineer...,GraphicsCycle time reductionCloud computingSimulationSOChigh performance computingGamingMTS,0,0
MTS-Physical-Design- Engineer,Bengaluru,"Advanced Micro Devices, Inc.",Not disclosed,7,Physical Design Engineer Requirements: Physical design and implementation of digital ci...,GraphicsCycle time reductionCloud computingSimulationSOChigh performance computingGamingMTS,0,0
Dot Net Developer Jobs in,Pune,Extentia Information Technology,Not disclosed,3,Dot Net Developer Jobs in Pune Over 3 -7 years of experience in software development Ha...,Cloud computingAzuredevelopmentsoftwaretestingitmicrosoftBusiness Executive,0,0
PRODUCT ENGINEER,Kolkata,PAYABBHI,Not disclosed,2,"What will you do at Payabbhi Design, build, and maintain REST APIs, Client Libraries an...",Computer scienceCloud computingC++BackendNoSQLWeb technologiesAgileProgramming,0,0
Software Engineer/Senior Software Engineer,Bengaluru,Yoodle,Not disclosed,1,Key responsibilities of this role comprises of the following Strong technical contribut...,Computer scienceCloud computingNoSQLShell scriptingSCALAPLSQLData structuresOpen source,0,0
Technical Writer,Hyderabad,GAIAN SOLUTIONS,Not disclosed,1,First to deploy an IPTV/OTT solution on cruise lines First to offer geo-targeted advert...,Relationship managementCloud computingProduct engineeringArchitectureConsultingStrategic planningApplication developmentOutsourcing,0,0
Lead Software engineering,Bengaluru,Fidelity Investments,Not disclosed,6,"The Purpose of This Role Being part of the Client Frameworks Engineering team, this per...",Cloud computingAutomationActive directoryScrumOracleInformation technologyTechnical supportAnalytics,0,1
Lead - Software Engineering,Chennai,Fidelity Investments,Not disclosed,6,"The Purpose of This Role As a Lead DEVOPS, you will be working with the product develop...",Computer scienceCloud computingLinux system administrationPrototypeLead SoftwareArtificial IntelligenceInformation technologyMonitoring,0,1
Backup Administrator,Pune,Sakon,Not disclosed,4,"We are one of the world s top SaaS companies in our market, and a leader in managing en...",SCSIVMwareSANCloud computingISCSIDisaster recoveryTroubleshootingTechnical support,0,0
L2 - AWS & Azure Cloud Infrastructure,Gurgaon,Capsag Consulting Services Pvt Ltd,Not disclosed,1,"L2 - AWS & Azure Cloud Infrastructure Gurugram, Haryana, India Job Description Work as ...",Cloud computingServer monitoringFTPNetworkingDNSSSHSupport servicesHTTP,0,0
L2 - AWS & Azure Cloud Infrastructure,haryana,Capsag Consulting Services Pvt Ltd,Not disclosed,1,"L2 - AWS & Azure Cloud Infrastructure Gurugram, Haryana, India Job Description Work as ...",Cloud computingServer monitoringFTPNetworkingDNSSSHSupport servicesHTTP,0,0
Power BI - Executive,Mumbai,ZECRUITERS SEARCH RESOURCERS LLP,Not disclosed,3,3+ years experience as a Business Intelligence developer using the Microsoft Power BI p...,Cloud computingPublishingMySQLStored proceduresBusiness intelligencemicrosoftInformation technologyUser acceptance testing,0,0
Principal Cloud Security Architect,sirsa,DXC Technology,Not disclosed,1,Principal Cloud Security Architect This vacancy is for a Principal Cloud Security Profe...,ArchitectVMwareCloud computingJSPInformation securityNetwork securitymicrosoftSCM,0,0
Senior Engineer 1,Bengaluru,JCPenny,Not disclosed,7,Define the technical roadmap Lead the team?s technical direction by exploring and imple...,UnixCloud computingNoSQLLinuxcassandraSocial mediaShell scriptingDebugging,0,0
Staff Engineer - DevTest,Bengaluru,"Zscaler, Inc.",Not disclosed,3,Responsibilities/What You ll Do: Participate in product development early-on during the...,UnixCloud computingAutomationShell scriptingPerlHTTPWindowsSQL,0,0
Staff Engineer - DevTest,Chandigarh,"Zscaler, Inc.",Not disclosed,3,Responsibilities/What You ll Do: Participate in product development early-on during the...,UnixCloud computingAutomationShell scriptingPerlHTTPWindowsSQL,0,0
Senior Technical Content Developer,Bengaluru,VMware India,Not disclosed,6,"This position is responsible for developing, delivering and maintaining technical cours...",UnixCloud computingAutomationCcieLinuxNetworkingConsultingHTTP,0,0
Cloud Architect,Gurgaon,ORANGE BUSINESS SERVICES INDIA SOLUTIONS Pvt. Ltd.,Not disclosed,5,Exp- 6-10yrs Location- Gurgaon Job Description- * Experience in one or more Cloud platf...,kubernetespythonopenshiftvmwareIAAScicddockersecurity,1,0